Table 1
,,,,,,,,,,
,,,,,,,,,,
,,,,,,,,,,
,,,,,,,,,,
,,,,,,,,,,
,,,,,,,,,,
"Pension Markets in Focus No.19, 2022",,,,,,,,,,
  Statistical Annex,,,,,,,,,,
,,,,,,,,,,
"Table A.B.1. Total assets in funded and private pension plans, in millions of national currency, 2001-2021",,,,,,,,,,
"Table A.B.2. Total assets in funded and private pension plans, in USD million, 2001-2021",,,,,,,,,,
"Table A.B.3. Total assets in funded and private pension plans, as a % of GDP, 2001-2021",,,,,,,,,,
"Table A.B.4. Contributions into funded and private pension plans, 2001-2021",,,,,,,,,,
"Table A.B.5. Total benefits paid from funded and private pension plans, 2001-2021",,,,,,,,,,
"Table A.B.6. Annual nominal investment rates of return of funded and private pension plans, 2002-2021",,,,,,,,,,
"Table A.B.7. Annual real investment rates of return of funded and private pension plans, 2002-2021",,,,,,,,,,
"Table A.B.8. Allocation of assets in funded and private pension plans in equities, 2001-2021",,,,,,,,,,
"Table A.B.9. Allocation of assets in funded and private pension plans in bills and bonds, 2001-2021",,,,,,,,,,
"Table A.B.10. Allocation of assets in funded and private pension plans in cash and deposits, 2001-2021",,,,,,,,,,
"Table A.B.11. Allocation of assets in funded and private pension plans in the ""other"" category, 2001-2021",,,,,,,,,,
"Table A.B.12. Share of assets in funded and private pension plans invested abroad, 2001-2021",,,,,,,,,,
"Table A.B.13. Share of investments of funded and private pension plans in assets issued in foreign currencies, 2001-2021",,,,,,,,,,
,,,,,,,,,,
,,,,,,,,,,
,,,,,,,,,,
Source: OECD Global Pension Statistics. ,,,,,,,,,,
www.oecd.org/daf/pensions/gps,,,,,,,,,,
www.oecd.org/daf/pensions/pensionmarkets,,,,,,,,,,